<?xml version="1.0" encoding="UTF-8"?>
<urn:AuthnSelectionConfig lastModifiedMillis="1566943483931" enableAuthnSelection="true" enableSpAuthnSelection="true" failIfNoSelection="false" xmlns:urn="urn:pingidentity.com:pf:authn-selection">
    <urn:AuthnSelectionTrees>
        <urn:AuthnSelectionTree treeName="identify-yourself" disabled="false" authnApiApp="">
            <urn:AstRoot context="">
                <urn:AstAction xsi:type="urn:AuthnSourceActionType" xmlns:xsi="http://www.w3.org/2001/XMLSchema-instance">
                    <urn:AuthnSourceKey type="ADAPTER">identfirst</urn:AuthnSourceKey>
                    <urn:fallbackToSuccess>false</urn:fallbackToSuccess>
                    <urn:attributeRule>
                        <urn:IncomingAttr>domain</urn:IncomingAttr>
                        <urn:Operand>EQUALS_CASE_INSENSITIVE</urn:Operand>
                        <urn:ExpectedValue>corporate.com</urn:ExpectedValue>
                        <urn:Result>corporate</urn:Result>
                    </urn:attributeRule>
                    <urn:attributeRule>
                        <urn:IncomingAttr>domain</urn:IncomingAttr>
                        <urn:Operand>EQUALS_CASE_INSENSITIVE</urn:Operand>
                        <urn:ExpectedValue>customer.com</urn:ExpectedValue>
                        <urn:Result>customer</urn:Result>
                    </urn:attributeRule>
                    <urn:InputIdMapping Type="Context" Value="context.RequestedUser"/>
                </urn:AstAction>
                <urn:AstChild context="Fail">
                    <urn:AstAction noOpType="DONE" xsi:type="urn:NoOpActionType" xmlns:xsi="http://www.w3.org/2001/XMLSchema-instance"/>
                </urn:AstChild>
                <urn:AstChild context="corporate">
                    <urn:AstAction xsi:type="urn:AuthnSourceActionType" xmlns:xsi="http://www.w3.org/2001/XMLSchema-instance">
                        <urn:AuthnSourceKey type="IDP_CONN">JzQLSxctDZSr6ge8.OCPftFBsOz</urn:AuthnSourceKey>
                        <urn:fallbackToSuccess>true</urn:fallbackToSuccess>
                        <urn:InputIdMapping Type="Adapter" AttributeSourceId="identfirst" Value="subject"/>
                    </urn:AstAction>
                    <urn:AstChild context="Fail">
                        <urn:AstAction noOpType="DONE" xsi:type="urn:NoOpActionType" xmlns:xsi="http://www.w3.org/2001/XMLSchema-instance"/>
                    </urn:AstChild>
                    <urn:AstChild context="Success">
                        <urn:AstAction noOpType="DONE" xsi:type="urn:NoOpActionType" xmlns:xsi="http://www.w3.org/2001/XMLSchema-instance"/>
                    </urn:AstChild>
                </urn:AstChild>
                <urn:AstChild context="customer">
                    <urn:AstAction xsi:type="urn:AuthnSourceActionType" xmlns:xsi="http://www.w3.org/2001/XMLSchema-instance">
                        <urn:AuthnSourceKey type="IDP_CONN">Ka8OxuOMMUm_JQ24VTZZEXL_pwp</urn:AuthnSourceKey>
                        <urn:fallbackToSuccess>true</urn:fallbackToSuccess>
                        <urn:InputIdMapping Type="Adapter" AttributeSourceId="identfirst" Value="subject"/>
                    </urn:AstAction>
                    <urn:AstChild context="Fail">
                        <urn:AstAction noOpType="DONE" xsi:type="urn:NoOpActionType" xmlns:xsi="http://www.w3.org/2001/XMLSchema-instance"/>
                    </urn:AstChild>
                    <urn:AstChild context="Success">
                        <urn:AstAction noOpType="DONE" xsi:type="urn:NoOpActionType" xmlns:xsi="http://www.w3.org/2001/XMLSchema-instance"/>
                    </urn:AstChild>
                </urn:AstChild>
            </urn:AstRoot>
        </urn:AuthnSelectionTree>
    </urn:AuthnSelectionTrees>
    <urn:DefaultAuthnSources/>
</urn:AuthnSelectionConfig>