<?xml version="1.0" encoding="UTF-8"?>
<urn:AdapterConfiguration isInheritTargetApplicationInfo="false" isInheritExtendedContractAttributes="false" name="SP Adapter" xmlns:urn="urn:sourceid.org:saml2:adapter:conf">
    <urn:Fields>
        <urn:Field name="Authentication Endpoint"/>
        <urn:Field name="User Name">agentless</urn:Field>
        <urn:Field name="Pass Phrase">eyJhbGciOiJkaXIiLCJlbmMiOiJBMTI4Q0JDLUhTMjU2Iiwia2lkIjoiTWpYVU9NYTR2YiIsInZlcnNpb24iOiI5LjMuMS4xIn0..0OrTIAZBK9_5g_27LfCS2Q.qpz7nf956Tsz1yUFNh_Xsw.2vZ9p4coS4xAUakjy0UWbg</urn:Field>
        <urn:Field name="Allowed Subject DN"/>
        <urn:Field name="Allowed Issuer DN"/>
        <urn:Field name="Logout Service Endpoint">https://rsademo.billswinson.ping-eng.com:9031/AgentlessSPSample/app?action=logout</urn:Field>
        <urn:Field name="Account Linking Authentication Endpoint"/>
        <urn:Field name="Transport Mode">2</urn:Field>
        <urn:Field name="Reference Duration">95</urn:Field>
        <urn:Field name="Reference Length">30</urn:Field>
        <urn:Field name="Require SSL/TLS">true</urn:Field>
        <urn:Field name="Outgoing Attribute Format">JSON</urn:Field>
        <urn:Field name="Incoming Attribute Format">JSON</urn:Field>
        <urn:Field name="Logout Mode">FRONT</urn:Field>
        <urn:Field name="Skip Host Name Validation ">true</urn:Field>
    </urn:Fields>
    <urn:AdvancedFields>
        <urn:Field name="Transport Mode">2</urn:Field>
        <urn:Field name="Reference Duration">95</urn:Field>
        <urn:Field name="Reference Length">30</urn:Field>
        <urn:Field name="Require SSL/TLS">true</urn:Field>
        <urn:Field name="Outgoing Attribute Format">JSON</urn:Field>
        <urn:Field name="Incoming Attribute Format">JSON</urn:Field>
        <urn:Field name="Logout Mode">FRONT</urn:Field>
        <urn:Field name="Skip Host Name Validation ">true</urn:Field>
    </urn:AdvancedFields>
    <urn:Tables/>
    <urn:ExtendedContractAttributes>
        <urn:AttributeName>firstName</urn:AttributeName>
        <urn:AttributeName>lastName</urn:AttributeName>
        <urn:AttributeName>groups</urn:AttributeName>
        <urn:AttributeName>status</urn:AttributeName>
    </urn:ExtendedContractAttributes>
</urn:AdapterConfiguration>